{"result":"true","asks":[[321.68,10.36],[321,10],[320.78,29.9997],[320,8.4477],[319.99,7.341],[318,20.8054],[316.89,0.0354],[316,70.9453],[315,130.67758387],[314.84,17.5],[314.22,2],[314,2],[313,6.872],[312,3],[311.99,8.626],[310,91.9861],[308,383.6703],[307.61,124.9517],[305,30],[303,1.99339934],[302.5,58.725],[301,12],[300,71.1587],[299.99,7.319],[299.97,0.3619],[299.9,1],[299.88,0.3],[299.2,0.89889597],[299,306.99],[298.99,10],[298.19,1],[298.09,9],[298,81.0557],[297,281],[296.48,14.397],[296.13,11.4],[296.08,5],[295,447.4],[294.93,18.981],[294.28,1.4985],[292.49,28.493],[291.99,30.24735243],[291.26,2],[290.25,1.00299],[289,80],[288,0.7841],[285.31,1.99],[285,48.57],[280,6.034],[279,35.142],[278.99,306.07],[276.24,15],[276,80.089],[275,3],[274.96,24.00002144],[274.9,24.4899]],"bids":[[272.22,55],[272.21,12.728],[272.19,20],[271.29,5.1605],[271.1,10],[271,95.4189],[270.5,3.7464],[270.4,34.526],[270,3],[268.88,306.07],[268.87,10],[268,501],[267.18,12.25694288],[266.53,4.3221],[266.5,3.71],[266.02,36],[266,12.5661],[265.02,11.32103237],[265.01,2],[265,24],[264.66,37.8102],[264.02,0.01],[263.1,1],[263,201],[260.01,57.144],[260,97.14],[258.98,2],[258,35.7262],[257.8,1.0738],[257.55,2],[257,3.93],[255.7,7],[255.52,50],[255,125.734],[253,71.731],[252.98,0.8],[252,10],[251.1,1],[251,99.75],[250,78.3871],[248,8],[246.1,1.2],[245,2],[244,50],[243,0.06],[242,50],[240,71.83333333],[238,50],[236,62.71186441],[235.01,1.5],[234,33.79529487],[233.38,6.9936],[233,113.8209],[230.1,1.2],[230,196.0451],[229,0.1],[226,6.63716814],[225.1,5],[222.22,0.1],[222,5.056]]}
